<?xml version="1.0" encoding="UTF-8" standalone="yes"?>
<addon id="repository.adulthideout" name="AdultHideout REPO" version="1.0.2" provider-name="Vashiel">
	<extension point="xbmc.addon.repository" name="AdultHideout Addon Repository">
		<info compressed="false">https://github.com/yorks/repository.adulthideout/raw/master/addons.xml</info>
		<checksum>https://github.com/yorks/repository.adulthideout/raw/master/addons.xml.md5</checksum>
		<datadir zip="true">https://github.com/yorks/repository.adulthideout/raw/master/zips</datadir>
	</extension>
	<extension point="xbmc.addon.metadata">
		<summary>AdultHideout Addon Repository</summary>
		<description>First Try for a Adult Kodi Addon</description>
		<platform>all</platform>
	</extension>
</addon>

